t,phase,x_true,y_true,motion_true,amp_true
0.0000,calm,0.00000,0.00354,0.00000,0.01000
0.0333,calm,0.00062,0.00370,0.00039,0.01000
0.0667,calm,0.00123,0.00385,0.00076,0.01000
0.1000,calm,0.00184,0.00400,0.00111,0.01000
0.1333,calm,0.00245,0.00414,0.00145,0.01000
0.1667,calm,0.00305,0.00428,0.00177,0.01000
0.2000,calm,0.00364,0.00441,0.00207,0.01000
0.2333,calm,0.00423,0.00453,0.00235,0.01000
0.2667,calm,0.00480,0.00465,0.00261,0.01000
0.3000,calm,0.00536,0.00475,0.00286,0.01000
0.3333,calm,0.00591,0.00486,0.00308,0.01000
0.3667,calm,0.00645,0.00495,0.00329,0.01000
0.4000,calm,0.00697,0.00504,0.00348,0.01000
0.4333,calm,0.00747,0.00512,0.00365,0.01000
0.4667,calm,0.00796,0.00519,0.00380,0.01000
0.5000,calm,0.00843,0.00526,0.00393,0.01000
0.5333,calm,0.00887,0.00532,0.00405,0.01000
0.5667,calm,0.00930,0.00537,0.00415,0.01000
0.6000,calm,0.00970,0.00541,0.00423,0.01000
0.6333,calm,0.01008,0.00544,0.00429,0.01000
0.6667,calm,0.01044,0.00547,0.00433,0.01000
0.7000,calm,0.01077,0.00549,0.00436,0.01000
0.7333,calm,0.01108,0.00550,0.00437,0.01000
0.7667,calm,0.01136,0.00550,0.00436,0.01000
0.8000,calm,0.01161,0.00549,0.00434,0.01000
0.8333,calm,0.01184,0.00548,0.00430,0.01000
0.8667,calm,0.01204,0.00546,0.00425,0.01000
0.9000,calm,0.01221,0.00543,0.00418,0.01000
0.9333,calm,0.01235,0.00539,0.00410,0.01000
0.9667,calm,0.01246,0.00535,0.00401,0.01000
1.0000,calm,0.01255,0.00529,0.00391,0.01000
1.0333,calm,0.01261,0.00523,0.00380,0.01000
1.0667,calm,0.01263,0.00516,0.00369,0.01000
1.1000,calm,0.01263,0.00509,0.00358,0.01000
1.1333,calm,0.01260,0.00500,0.00349,0.01000
1.1667,calm,0.01255,0.00491,0.00342,0.01000
1.2000,calm,0.01246,0.00481,0.00336,0.01000
1.2333,calm,0.01235,0.00471,0.00331,0.01000
1.2667,calm,0.01221,0.00460,0.00329,0.01000
1.3000,calm,0.01204,0.00448,0.00328,0.01000
1.3333,calm,0.01185,0.00435,0.00329,0.01000
1.3667,calm,0.01163,0.00422,0.00331,0.01000
1.4000,calm,0.01138,0.00408,0.00335,0.01000
1.4333,calm,0.01112,0.00394,0.00339,0.01000
1.4667,calm,0.01083,0.00379,0.00346,0.01000
1.5000,calm,0.01051,0.00363,0.00353,0.01000
1.5333,calm,0.01018,0.00347,0.00361,0.01000
1.5667,calm,0.00983,0.00331,0.00370,0.01000
1.6000,calm,0.00945,0.00314,0.00380,0.01000
1.6333,calm,0.00906,0.00296,0.00391,0.01000
1.6667,calm,0.00865,0.00278,0.00402,0.01000
1.7000,calm,0.00823,0.00260,0.00414,0.01000
1.7333,calm,0.00779,0.00241,0.00426,0.01000
1.7667,calm,0.00734,0.00222,0.00439,0.01000
1.8000,calm,0.00688,0.00203,0.00452,0.01000
1.8333,calm,0.00641,0.00183,0.00465,0.01000
1.8667,calm,0.00592,0.00163,0.00478,0.01000
1.9000,calm,0.00543,0.00143,0.00491,0.01000
1.9333,calm,0.00494,0.00123,0.00504,0.01000
1.9667,calm,0.00443,0.00102,0.00516,0.01000
2.0000,calm,0.00393,0.00081,0.00529,0.01000
2.0333,calm,0.00342,0.00060,0.00541,0.01000
2.0667,calm,0.00291,0.00039,0.00552,0.01000
2.1000,calm,0.00241,0.00018,0.00563,0.01000
2.1333,calm,0.00190,-0.00003,0.00574,0.01000
2.1667,calm,0.00140,-0.00024,0.00584,0.01000
2.2000,calm,0.00090,-0.00045,0.00593,0.01000
2.2333,calm,0.00041,-0.00065,0.00601,0.01000
2.2667,calm,-0.00007,-0.00086,0.00609,0.01000
2.3000,calm,-0.00054,-0.00107,0.00616,0.01000
2.3333,calm,-0.00100,-0.00128,0.00621,0.01000
2.3667,calm,-0.00145,-0.00148,0.00626,0.01000
2.4000,calm,-0.00189,-0.00168,0.00630,0.01000
2.4333,calm,-0.00232,-0.00188,0.00633,0.01000
2.4667,calm,-0.00273,-0.00208,0.00635,0.01000
2.5000,calm,-0.00312,-0.00227,0.00636,0.01000
2.5333,calm,-0.00350,-0.00246,0.00636,0.01000
2.5667,calm,-0.00385,-0.00264,0.00635,0.01000
2.6000,calm,-0.00419,-0.00283,0.00632,0.01000
2.6333,calm,-0.00451,-0.00300,0.00629,0.01000
2.6667,calm,-0.00481,-0.00318,0.00624,0.01000
2.7000,calm,-0.00508,-0.00335,0.00619,0.01000
2.7333,calm,-0.00534,-0.00351,0.00612,0.01000
2.7667,calm,-0.00557,-0.00367,0.00604,0.01000
2.8000,calm,-0.00577,-0.00383,0.00595,0.01000
2.8333,calm,-0.00596,-0.00397,0.00585,0.01000
2.8667,calm,-0.00611,-0.00412,0.00574,0.01000
2.9000,calm,-0.00625,-0.00425,0.00563,0.01000
2.9333,calm,-0.00635,-0.00438,0.00550,0.01000
2.9667,calm,-0.00644,-0.00451,0.00537,0.01000
3.0000,calm,-0.00649,-0.00462,0.00523,0.01000
3.0333,calm,-0.00653,-0.00473,0.00508,0.01000
3.0667,calm,-0.00653,-0.00484,0.00494,0.01000
3.1000,calm,-0.00651,-0.00493,0.00480,0.01000
3.1333,calm,-0.00647,-0.00502,0.00466,0.01000
3.1667,calm,-0.00640,-0.00511,0.00454,0.01000
3.2000,calm,-0.00630,-0.00518,0.00443,0.01000
3.2333,calm,-0.00619,-0.00525,0.00433,0.01000
3.2667,calm,-0.00604,-0.00531,0.00425,0.01000
3.3000,calm,-0.00588,-0.00536,0.00418,0.01000
3.3333,calm,-0.00569,-0.00540,0.00413,0.01000
3.3667,calm,-0.00548,-0.00544,0.00409,0.01000
3.4000,calm,-0.00524,-0.00546,0.00407,0.01000
3.4333,calm,-0.00499,-0.00548,0.00406,0.01000
3.4667,calm,-0.00472,-0.00550,0.00406,0.01000
3.5000,calm,-0.00443,-0.00550,0.00407,0.01000
3.5333,calm,-0.00412,-0.00550,0.00410,0.01000
3.5667,calm,-0.00379,-0.00548,0.00413,0.01000
3.6000,calm,-0.00345,-0.00546,0.00417,0.01000
3.6333,calm,-0.00309,-0.00544,0.00422,0.01000
3.6667,calm,-0.00272,-0.00540,0.00428,0.01000
3.7000,calm,-0.00233,-0.00535,0.00434,0.01000
3.7333,calm,-0.00194,-0.00530,0.00441,0.01000
3.7667,calm,-0.00153,-0.00524,0.00448,0.01000
3.8000,calm,-0.00112,-0.00518,0.00455,0.01000
3.8333,calm,-0.00070,-0.00510,0.00463,0.01000
3.8667,calm,-0.00027,-0.00502,0.00470,0.01000
3.9000,calm,0.00016,-0.00493,0.00478,0.01000
3.9333,calm,0.00060,-0.00483,0.00486,0.01000
3.9667,calm,0.00103,-0.00473,0.00494,0.01000
4.0000,calm,0.00147,-0.00462,0.00501,0.01000
4.0333,calm,0.00191,-0.00450,0.00508,0.01000
4.0667,calm,0.00234,-0.00438,0.00515,0.01000
4.1000,calm,0.00278,-0.00425,0.00522,0.01000
4.1333,calm,0.00320,-0.00411,0.00528,0.01000
4.1667,calm,0.00362,-0.00397,0.00534,0.01000
4.2000,calm,0.00404,-0.00382,0.00539,0.01000
4.2333,calm,0.00444,-0.00366,0.00543,0.01000
4.2667,calm,0.00483,-0.00350,0.00547,0.01000
4.3000,calm,0.00522,-0.00334,0.00550,0.01000
4.3333,calm,0.00558,-0.00317,0.00553,0.01000
4.3667,calm,0.00594,-0.00300,0.00554,0.01000
4.4000,calm,0.00628,-0.00282,0.00555,0.01000
4.4333,calm,0.00660,-0.00263,0.00555,0.01000
4.4667,calm,0.00691,-0.00245,0.00555,0.01000
4.5000,calm,0.00720,-0.00226,0.00553,0.01000
4.5333,calm,0.00746,-0.00207,0.00551,0.01000
4.5667,calm,0.00771,-0.00187,0.00548,0.01000
4.6000,calm,0.00794,-0.00167,0.00544,0.01000
4.6333,calm,0.00814,-0.00147,0.00539,0.01000
4.6667,calm,0.00833,-0.00126,0.00534,0.01000
4.7000,calm,0.00848,-0.00106,0.00528,0.01000
4.7333,calm,0.00862,-0.00085,0.00521,0.01000
4.7667,calm,0.00873,-0.00064,0.00515,0.01000
4.8000,calm,0.00881,-0.00043,0.00507,0.01000
4.8333,calm,0.00887,-0.00022,0.00500,0.01000
4.8667,calm,0.00890,-0.00001,0.00493,0.01000
4.9000,calm,0.00891,0.00020,0.00485,0.01000
4.9333,calm,0.00889,0.00041,0.00478,0.01000
4.9667,calm,0.00884,0.00061,0.00472,0.01000
5.0000,calm,0.00876,0.00082,0.00466,0.01000
5.0333,calm,0.00866,0.00103,0.00461,0.01000
5.0667,calm,0.00854,0.00124,0.00457,0.01000
5.1000,calm,0.00838,0.00144,0.00454,0.01000
5.1333,calm,0.00820,0.00164,0.00452,0.01000
5.1667,calm,0.00799,0.00184,0.00452,0.01000
5.2000,calm,0.00776,0.00204,0.00452,0.01000
5.2333,calm,0.00750,0.00223,0.00453,0.01000
5.2667,calm,0.00722,0.00242,0.00455,0.01000
5.3000,calm,0.00692,0.00261,0.00459,0.01000
5.3333,calm,0.00659,0.00279,0.00463,0.01000
5.3667,calm,0.00624,0.00297,0.00468,0.01000
5.4000,calm,0.00586,0.00315,0.00474,0.01000
5.4333,calm,0.00547,0.00332,0.00481,0.01000
5.4667,calm,0.00505,0.00348,0.00489,0.01000
5.5000,calm,0.00462,0.00364,0.00497,0.01000
5.5333,calm,0.00417,0.00380,0.00506,0.01000
5.5667,calm,0.00370,0.00395,0.00516,0.01000
5.6000,calm,0.00321,0.00409,0.00526,0.01000
5.6333,calm,0.00271,0.00423,0.00536,0.01000
5.6667,calm,0.00220,0.00436,0.00547,0.01000
5.7000,calm,0.00168,0.00448,0.00557,0.01000
5.7333,calm,0.00114,0.00460,0.00568,0.01000
5.7667,calm,0.00059,0.00471,0.00579,0.01000
5.8000,calm,0.00004,0.00482,0.00590,0.01000
5.8333,calm,-0.00052,0.00492,0.00601,0.01000
5.8667,calm,-0.00109,0.00501,0.00611,0.01000
5.9000,calm,-0.00166,0.00509,0.00622,0.01000
5.9333,calm,-0.00223,0.00517,0.00632,0.01000
5.9667,calm,-0.00280,0.00523,0.00641,0.01000
6.0000,stir_left,0.00000,0.03543,0.02472,0.10000
6.0333,stir_left,0.02484,0.04251,0.03952,0.10000
6.0667,stir_left,0.04807,0.04816,0.05254,0.10000
6.1000,stir_left,0.06822,0.05220,0.06298,0.10000
6.1333,stir_left,0.08402,0.05449,0.07018,0.10000
6.1667,stir_left,0.09446,0.05494,0.07371,0.10000
6.2000,stir_left,0.09888,0.05355,0.07354,0.10000
6.2333,stir_left,0.09698,0.05036,0.07281,0.10000
6.2667,stir_left,0.08885,0.04549,0.07564,0.10000
6.3000,stir_left,0.07499,0.03908,0.08190,0.10000
6.3333,stir_left,0.05625,0.03137,0.09097,0.10000
6.3667,stir_left,0.03376,0.02260,0.10203,0.10000
6.4000,stir_left,0.00891,0.01307,0.11416,0.10000
6.4333,stir_left,-0.01678,0.00311,0.12637,0.10000
6.4667,stir_left,-0.04172,-0.00696,0.13767,0.10000
6.5000,stir_left,-0.06439,-0.01680,0.14719,0.10000
6.5333,stir_left,-0.08342,-0.02607,0.15414,0.10000
6.5667,stir_left,-0.09765,-0.03447,0.15796,0.10000
6.6000,stir_left,-0.10624,-0.04171,0.15839,0.10000
6.6333,stir_left,-0.10871,-0.04755,0.15581,0.10000
6.6667,stir_left,-0.10494,-0.05180,0.15292,0.10000
6.7000,stir_left,-0.09525,-0.05430,0.15281,0.10000
6.7333,stir_left,-0.08029,-0.05498,0.15574,0.10000
6.7667,stir_left,-0.06107,-0.05382,0.16117,0.10000
6.8000,stir_left,-0.03887,-0.05085,0.16831,0.10000
6.8333,stir_left,-0.01515,-0.04618,0.17624,0.10000
6.8667,stir_left,0.00854,-0.03995,0.18404,0.10000
6.9000,stir_left,0.03061,-0.03238,0.19082,0.10000
6.9333,stir_left,0.04963,-0.02373,0.19581,0.10000
6.9667,stir_left,0.06430,-0.01428,0.19851,0.10000
7.0000,stir_left,0.07362,-0.00435,0.19874,0.10000
7.0333,stir_left,0.07693,0.00573,0.19713,0.10000
7.0667,stir_left,0.07393,0.01561,0.19540,0.10000
7.1000,stir_left,0.06472,0.02497,0.19547,0.10000
7.1333,stir_left,0.04979,0.03349,0.19801,0.10000
7.1667,stir_left,0.02998,0.04089,0.20288,0.10000
7.2000,stir_left,0.00644,0.04691,0.20947,0.10000
7.2333,stir_left,-0.01945,0.05136,0.21701,0.10000
7.2667,stir_left,-0.04617,0.05409,0.22459,0.10000
7.3000,stir_left,-0.07213,0.05500,0.23133,0.10000
7.3333,stir_left,-0.09582,0.05406,0.23640,0.10000
7.3667,stir_left,-0.11584,0.05131,0.23912,0.10000
7.4000,stir_left,-0.13106,0.04684,0.23908,0.10000
7.4333,stir_left,-0.14063,0.04079,0.23625,0.10000
7.4667,stir_left,-0.14406,0.03338,0.23161,0.10000
7.5000,stir_left,-0.14125,0.02484,0.22766,0.10000
7.5333,stir_left,-0.13250,0.01547,0.22621,0.10000
7.5667,stir_left,-0.11847,0.00559,0.22749,0.10000
7.6000,stir_left,-0.10018,-0.00449,0.23099,0.10000
7.6333,stir_left,-0.07888,-0.01442,0.23594,0.10000
7.6667,stir_left,-0.05606,-0.02386,0.24143,0.10000
7.7000,stir_left,-0.03327,-0.03250,0.24650,0.10000
7.7333,stir_left,-0.01207,-0.04005,0.25022,0.10000
7.7667,stir_left,0.00607,-0.04625,0.25174,0.10000
7.8000,stir_left,0.01989,-0.05091,0.25039,0.10000
7.8333,stir_left,0.02836,-0.05385,0.24567,0.10000
7.8667,stir_left,0.03084,-0.05499,0.23731,0.10000
7.9000,stir_left,0.02702,-0.05428,0.23001,0.10000
7.9333,stir_left,0.01699,-0.05175,0.22695,0.10000
7.9667,stir_left,0.00126,-0.04748,0.22767,0.10000
8.0000,stir_left,-0.01935,-0.04162,0.23149,0.10000
8.0333,stir_left,-0.04367,-0.03436,0.23758,0.10000
8.0667,stir_left,-0.07033,-0.02595,0.24500,0.10000
8.1000,stir_left,-0.09780,-0.01666,0.25275,0.10000
8.1333,stir_left,-0.12452,-0.00682,0.25986,0.10000
8.1667,stir_left,-0.14894,0.00325,0.26543,0.10000
8.2000,stir_left,-0.16969,0.01321,0.26869,0.10000
8.2333,stir_left,-0.18563,0.02273,0.26909,0.10000
8.2667,stir_left,-0.19590,0.03149,0.26637,0.10000
8.3000,stir_left,-0.20002,0.03919,0.26084,0.10000
8.3333,stir_left,-0.19790,0.04557,0.25432,0.10000
8.3667,stir_left,-0.18982,0.05042,0.24971,0.10000
8.4000,stir_left,-0.17645,0.05358,0.24792,0.10000
8.4333,stir_left,-0.15881,0.05495,0.24864,0.10000
8.4667,stir_left,-0.13816,0.05447,0.25114,0.10000
8.5000,stir_left,-0.11597,0.05216,0.25455,0.10000
8.5333,stir_left,-0.09379,0.04810,0.25796,0.10000
8.5667,stir_left,-0.07320,0.04242,0.26051,0.10000
8.6000,stir_left,-0.05565,0.03532,0.26146,0.10000
8.6333,stir_left,-0.04243,0.02704,0.26035,0.10000
8.6667,stir_left,-0.03452,0.01785,0.25714,0.10000
8.7000,stir_left,-0.03261,0.00805,0.25275,0.10000
8.7333,stir_left,-0.03699,-0.00201,0.24916,0.10000
8.7667,stir_left,-0.04756,-0.01200,0.24789,0.10000
8.8000,stir_left,-0.06382,-0.02159,0.24933,0.10000
8.8333,stir_left,-0.08495,-0.03046,0.25318,0.10000
8.8667,stir_left,-0.10978,-0.03830,0.25879,0.10000
8.9000,stir_left,-0.13694,-0.04486,0.26534,0.10000
8.9333,stir_left,-0.16490,-0.04991,0.27190,0.10000
8.9667,stir_left,-0.19209,-0.05329,0.27758,0.10000
9.0000,stir_left,-0.21698,-0.05488,0.28152,0.10000
9.0333,stir_left,-0.23819,-0.05462,0.28301,0.10000
9.0667,stir_left,-0.25457,-0.05254,0.28157,0.10000
9.1000,stir_left,-0.26528,-0.04869,0.27704,0.10000
9.1333,stir_left,-0.26982,-0.04320,0.27010,0.10000
9.1667,stir_left,-0.26811,-0.03627,0.26345,0.10000
9.2000,stir_left,-0.26043,-0.02811,0.25955,0.10000
9.2333,stir_left,-0.24746,-0.01902,0.25866,0.10000
9.2667,stir_left,-0.23020,-0.00928,0.26024,0.10000
9.3000,stir_left,-0.20991,0.00076,0.26347,0.10000
9.3333,stir_left,-0.18808,0.01078,0.26743,0.10000
9.3667,stir_left,-0.16625,0.02044,0.27112,0.10000
9.4000,stir_left,-0.14600,0.02941,0.27362,0.10000
9.4333,stir_left,-0.12878,0.03740,0.27407,0.10000
9.4667,stir_left,-0.11586,0.04413,0.27180,0.10000
9.5000,stir_left,-0.10826,0.04938,0.26636,0.10000
9.5333,stir_left,-0.10665,0.05297,0.25790,0.10000
9.5667,stir_left,-0.11131,0.05478,0.25044,0.10000
9.6000,stir_left,-0.12214,0.05476,0.24685,0.10000
9.6333,stir_left,-0.13867,0.05289,0.24696,0.10000
9.6667,stir_left,-0.16004,0.04925,0.25015,0.10000
9.7000,stir_left,-0.18512,0.04396,0.25563,0.10000
9.7333,stir_left,-0.21250,0.03719,0.26247,0.10000
9.7667,stir_left,-0.24068,0.02918,0.26969,0.10000
9.8000,stir_left,-0.26808,0.02018,0.27634,0.10000
9.8333,stir_left,-0.29316,0.01051,0.28152,0.10000
9.8667,stir_left,-0.31456,0.00048,0.28449,0.10000
9.9000,stir_left,-0.33111,-0.00956,0.28473,0.10000
9.9333,stir_left,-0.34198,-0.01928,0.28204,0.10000
9.9667,stir_left,-0.34668,-0.02836,0.27678,0.10000
10.0000,stir_left,-0.34511,-0.03648,0.27055,0.10000
10.0333,stir_left,-0.33756,-0.04338,0.26577,0.10000
10.0667,stir_left,-0.32470,-0.04882,0.26347,0.10000
10.1000,stir_left,-0.30755,-0.05262,0.26347,0.10000
10.1333,stir_left,-0.28736,-0.05466,0.26514,0.10000
10.1667,stir_left,-0.26562,-0.05486,0.26763,0.10000
10.2000,stir_left,-0.24387,-0.05322,0.27006,0.10000
10.2333,stir_left,-0.22367,-0.04979,0.27158,0.10000
10.2667,stir_left,-0.20651,-0.04470,0.27146,0.10000
10.3000,stir_left,-0.19364,-0.03810,0.26923,0.10000
10.3333,stir_left,-0.18607,-0.03022,0.26493,0.10000
10.3667,stir_left,-0.18448,-0.02133,0.25965,0.10000
10.4000,stir_left,-0.18915,-0.01173,0.25559,0.10000
10.4333,stir_left,-0.19998,-0.00172,0.25419,0.10000
10.4667,stir_left,-0.21650,0.00833,0.25565,0.10000
10.5000,stir_left,-0.23785,0.01811,0.25960,0.10000
10.5333,stir_left,-0.26289,0.02728,0.26532,0.10000
10.5667,stir_left,-0.29024,0.03554,0.27198,0.10000
10.6000,stir_left,-0.31836,0.04260,0.27863,0.10000
10.6333,stir_left,-0.34569,0.04823,0.28434,0.10000
10.6667,stir_left,-0.37070,0.05224,0.28824,0.10000
10.7000,stir_left,-0.39201,0.05450,0.28960,0.10000
10.7333,stir_left,-0.40846,0.05493,0.28786,0.10000
10.7667,stir_left,-0.41922,0.05352,0.28275,0.10000
10.8000,stir_left,-0.42380,0.05031,0.27464,0.10000
10.8333,stir_left,-0.42210,0.04541,0.26660,0.10000
10.8667,stir_left,-0.41441,0.03899,0.26186,0.10000
10.9000,stir_left,-0.40141,0.03125,0.26043,0.10000
10.9333,stir_left,-0.38409,0.02247,0.26169,0.10000
10.9667,stir_left,-0.36373,0.01294,0.26477,0.10000
11.0000,stir_left,-0.34180,0.00297,0.26872,0.10000
11.0333,stir_left,-0.31985,-0.00710,0.27253,0.10000
11.0667,stir_left,-0.29945,-0.01693,0.27527,0.10000
11.1000,stir_left,-0.28207,-0.02620,0.27609,0.10000
11.1333,stir_left,-0.26897,-0.03458,0.27434,0.10000
11.1667,stir_left,-0.26117,-0.04180,0.26966,0.10000
11.2000,stir_left,-0.25932,-0.04762,0.26239,0.10000
11.2333,stir_left,-0.26373,-0.05184,0.25542,0.10000
11.2667,stir_left,-0.27430,-0.05432,0.25164,0.10000
11.3000,stir_left,-0.29053,-0.05498,0.25132,0.10000
11.3333,stir_left,-0.31159,-0.05379,0.25397,0.10000
11.3667,stir_left,-0.33633,-0.05080,0.25886,0.10000
11.4000,stir_left,-0.36336,-0.04610,0.26509,0.10000
11.4333,stir_left,-0.39116,-0.03985,0.27171,0.10000
11.4667,stir_left,-0.41815,-0.03227,0.27779,0.10000
11.5000,stir_left,-0.44281,-0.02360,0.28245,0.10000
11.5333,stir_left,-0.46376,-0.01414,0.28500,0.10000
11.5667,stir_left,-0.47985,-0.00421,0.28494,0.10000
11.6000,stir_left,-0.49023,0.00587,0.28217,0.10000
11.6333,stir_left,-0.49442,0.01575,0.27722,0.10000
11.6667,stir_left,-0.49231,0.02510,0.27177,0.10000
11.7000,stir_left,-0.48421,0.03360,0.26787,0.10000
11.7333,stir_left,-0.47078,0.04098,0.26632,0.10000
11.7667,stir_left,-0.45303,0.04699,0.26693,0.10000
11.8000,stir_left,-0.43223,0.05141,0.26905,0.10000
11.8333,stir_left,-0.40984,0.05411,0.27188,0.10000
11.8667,stir_left,-0.38743,0.05500,0.27451,0.10000
11.9000,stir_left,-0.36655,0.05404,0.27610,0.10000
11.9333,stir_left,-0.34868,0.05126,0.27590,0.10000
11.9667,stir_left,-0.33509,0.04677,0.27341,0.10000
12.0000,stir_left,-0.32677,0.04070,0.26855,0.10000
12.0333,stir_left,-0.32440,0.03327,0.26237,0.10000
12.0667,stir_left,-0.32828,0.02472,0.25741,0.10000
12.1000,stir_left,-0.33830,0.01534,0.25531,0.10000
12.1333,stir_left,-0.35399,0.00545,0.25624,0.10000
12.1667,stir_left,-0.37448,-0.00463,0.25976,0.10000
12.2000,stir_left,-0.39864,-0.01455,0.26515,0.10000
12.2333,stir_left,-0.42509,-0.02398,0.27151,0.10000
12.2667,stir_left,-0.45229,-0.03261,0.27790,0.10000
12.3000,stir_left,-0.47867,-0.04014,0.28336,0.10000
12.3333,stir_left,-0.50272,-0.04633,0.28699,0.10000
12.3667,stir_left,-0.52304,-0.05096,0.28804,0.10000
12.4000,stir_left,-0.53848,-0.05388,0.28591,0.10000
12.4333,stir_left,-0.54821,-0.05499,0.28023,0.10000
12.4667,stir_left,-0.55174,-0.05426,0.27100,0.10000
12.5000,stir_left,-0.54896,-0.05170,0.26225,0.10000
12.5333,stir_left,-0.54018,-0.04741,0.25753,0.10000
12.5667,stir_left,-0.52606,-0.04153,0.25639,0.10000
12.6000,stir_left,-0.50760,-0.03425,0.25807,0.10000
12.6333,stir_left,-0.48608,-0.02583,0.26169,0.10000
12.6667,stir_left,-0.46296,-0.01653,0.26626,0.10000
12.7000,stir_left,-0.43981,-0.00668,0.27079,0.10000
12.7333,stir_left,-0.41819,0.00339,0.27434,0.10000
12.7667,stir_left,-0.39956,0.01335,0.27608,0.10000
12.8000,stir_left,-0.38519,0.02286,0.27536,0.10000
12.8333,stir_left,-0.37609,0.03160,0.27185,0.10000
12.8667,stir_left,-0.37294,0.03928,0.26584,0.10000
12.9000,stir_left,-0.37601,0.04565,0.25931,0.10000
12.9333,stir_left,-0.38522,0.05048,0.25510,0.10000
12.9667,stir_left,-0.40008,0.05362,0.25398,0.10000
13.0000,stir_left,-0.41974,0.05495,0.25568,0.10000
13.0333,stir_left,-0.44305,0.05445,0.25952,0.10000
13.0667,stir_left,-0.46864,0.05211,0.26466,0.10000
13.1000,stir_left,-0.49497,0.04803,0.27017,0.10000
13.1333,stir_left,-0.52048,0.04233,0.27514,0.10000
13.1667,stir_left,-0.54363,0.03522,0.27874,0.10000
13.2000,stir_left,-0.56305,0.02692,0.28029,0.10000
13.2333,stir_left,-0.57759,0.01771,0.27939,0.10000
13.2667,stir_left,-0.58639,0.00792,0.27605,0.10000
13.3000,stir_left,-0.58899,-0.00214,0.27115,0.10000
13.3333,stir_left,-0.58527,-0.01214,0.26661,0.10000
13.3667,stir_left,-0.57553,-0.02172,0.26409,0.10000
13.4000,stir_left,-0.56044,-0.03057,0.26402,0.10000
13.4333,stir_left,-0.54100,-0.03840,0.26607,0.10000
13.4667,stir_left,-0.51850,-0.04494,0.26956,0.10000
13.5000,stir_left,-0.49438,-0.04997,0.27364,0.10000
13.5333,stir_left,-0.47023,-0.05332,0.27740,0.10000
13.5667,stir_left,-0.44758,-0.05489,0.27998,0.10000
13.6000,stir_left,-0.42792,-0.05461,0.28059,0.10000
13.6333,stir_left,-0.41251,-0.05250,0.27866,0.10000
13.6667,stir_left,-0.40236,-0.04862,0.27394,0.10000
13.7000,stir_left,-0.39814,-0.04312,0.26700,0.10000
13.7333,stir_left,-0.40014,-0.03616,0.26054,0.10000
13.7667,stir_left,-0.40827,-0.02799,0.25696,0.10000
13.8000,stir_left,-0.42203,-0.01889,0.25657,0.10000
13.8333,stir_left,-0.44058,-0.00915,0.25893,0.10000
13.8667,stir_left,-0.46278,0.00090,0.26328,0.10000
13.9000,stir_left,-0.48723,0.01092,0.26871,0.10000
13.9333,stir_left,-0.51243,0.02057,0.27426,0.10000
13.9667,stir_left,-0.53679,0.02953,0.27896,0.10000
14.0000,stir_strong,-0.50000,0.00000,0.29645,0.00000
14.0333,stir_strong,-0.49511,0.00472,0.28851,0.00972
14.0667,stir_strong,-0.48306,0.01063,0.28496,0.01944
14.1000,stir_strong,-0.47060,0.01544,0.28150,0.02917
14.1333,stir_strong,-0.46591,0.01692,0.27302,0.03889
14.1667,stir_strong,-0.47505,0.01353,0.26785,0.04861
14.2000,stir_strong,-0.49908,0.00474,0.27258,0.05833
14.2333,stir_strong,-0.53278,-0.00868,0.28366,0.06806
14.2667,stir_strong,-0.56573,-0.02472,0.29452,0.07778
14.3000,stir_strong,-0.58544,-0.04046,0.29794,0.08750
14.3333,stir_strong,-0.58167,-0.05251,0.29351,0.09722
14.3667,stir_strong,-0.55042,-0.05774,0.30093,0.10694
14.4000,stir_strong,-0.49637,-0.05387,0.32182,0.11667
14.4333,stir_strong,-0.43256,-0.04006,0.34865,0.12639
14.4667,stir_strong,-0.37722,-0.01721,0.37107,0.13611
14.5000,stir_strong,-0.34855,0.01200,0.38099,0.14583
14.5333,stir_strong,-0.35891,0.04343,0.38570,0.15556
14.5667,stir_strong,-0.41019,0.07203,0.40590,0.16528
14.6000,stir_strong,-0.49198,0.09266,0.43014,0.17500
14.6333,stir_strong,-0.58346,0.10100,0.45340,0.18472
14.6667,stir_strong,-0.65856,0.09433,0.47571,0.19444
14.7000,stir_strong,-0.69335,0.07217,0.48155,0.20417
14.7333,stir_strong,-0.67340,0.03653,0.48690,0.21389
14.7667,stir_strong,-0.59891,-0.00817,0.50784,0.22361
14.8000,stir_strong,-0.48600,-0.05567,0.52792,0.23333
14.8333,stir_strong,-0.36333,-0.09873,0.54719,0.24306
14.8667,stir_strong,-0.26476,-0.13023,0.56567,0.25278
14.9000,stir_strong,-0.21994,-0.14433,0.57134,0.26250
14.9333,stir_strong,-0.24542,-0.13750,0.56417,0.27222
14.9667,stir_strong,-0.33889,-0.10925,0.58196,0.28194
15.0000,stir_strong,-0.47852,-0.06240,0.59902,0.29167
15.0333,stir_strong,-0.62782,-0.00287,0.61538,0.30139
15.0667,stir_strong,-0.74513,0.06106,0.63108,0.31111
15.1000,stir_strong,-0.79507,0.11991,0.64614,0.32083
15.1333,stir_strong,-0.75901,0.16438,0.65482,0.33056
15.1667,stir_strong,-0.64134,0.18682,0.66890,0.34028
15.2000,stir_strong,-0.46963,0.18254,0.68242,0.35000
15.2333,stir_strong,-0.29301,0.14658,0.69538,0.35000
15.2667,stir_strong,-0.16326,0.08946,0.70781,0.35000
15.3000,stir_strong,-0.11468,0.01943,0.71973,0.35000
15.3333,stir_strong,-0.15985,-0.05341,0.73117,0.35000
15.3667,stir_strong,-0.28621,-0.11853,0.74214,0.35000
15.4000,stir_strong,-0.45942,-0.16655,0.75267,0.35000
15.4333,stir_strong,-0.63260,-0.19054,0.76276,0.35000
15.4667,stir_strong,-0.75885,-0.18702,0.77244,0.35000
15.5000,stir_strong,-0.80386,-0.15651,0.77420,0.35000
15.5333,stir_strong,-0.75505,-0.10341,0.78342,0.35000
15.5667,stir_strong,-0.62498,-0.03539,0.79225,0.35000
15.6000,stir_strong,-0.44800,0.03774,0.80073,0.35000
15.6333,stir_strong,-0.27098,0.10543,0.80886,0.35000
15.6667,stir_strong,-0.14083,0.15789,0.81666,0.35000
15.7000,stir_strong,-0.09186,0.18757,0.81839,0.35000
15.7333,stir_strong,-0.13665,0.19018,0.81245,0.35000
15.7667,stir_strong,-0.26262,0.16534,0.82011,0.35000
15.8000,stir_strong,-0.43545,0.11663,0.82745,0.35000
15.8333,stir_strong,-0.60826,0.05110,0.83449,0.35000
15.8667,stir_strong,-0.73415,-0.02182,0.84124,0.35000
15.9000,stir_strong,-0.77879,-0.09158,0.84772,0.35000
15.9333,stir_strong,-0.72962,-0.14812,0.85394,0.35000
15.9667,stir_strong,-0.59921,-0.18329,0.85990,0.35000
16.0000,stir_strong,-0.42188,-0.19201,0.86562,0.35000
16.0333,stir_strong,-0.24452,-0.17301,0.87110,0.35000
16.0667,stir_strong,-0.11403,-0.12904,0.87636,0.35000
16.1000,stir_strong,-0.06473,-0.06645,0.88141,0.35000
16.1333,stir_strong,-0.10919,0.00573,0.88625,0.35000
16.1667,stir_strong,-0.23484,0.07709,0.89089,0.35000
16.2000,stir_strong,-0.40736,0.13732,0.89534,0.35000
16.2333,stir_strong,-0.57986,0.17773,0.89961,0.35000
16.2667,stir_strong,-0.70544,0.19249,0.90371,0.35000
16.3000,stir_strong,-0.74978,0.17946,0.89512,0.35000
16.3333,stir_strong,-0.70032,0.14054,0.89712,0.35000
16.3667,stir_strong,-0.56961,0.08133,0.90132,0.35000
16.4000,stir_strong,-0.39200,0.01039,0.90534,0.35000
16.4333,stir_strong,-0.21436,-0.06206,0.90921,0.35000
16.4667,stir_strong,-0.08360,-0.12555,0.91291,0.35000
16.5000,stir_strong,-0.03403,-0.17092,0.91647,0.35000
16.5333,stir_strong,-0.07823,-0.19162,0.90894,0.35000
16.5667,stir_strong,-0.20362,-0.18466,0.91266,0.35000
16.6000,stir_strong,-0.37589,-0.15105,0.91622,0.35000
16.6333,stir_strong,-0.54814,-0.09565,0.91964,0.35000
16.6667,stir_strong,-0.67348,-0.02643,0.92292,0.35000
16.7000,stir_strong,-0.71758,0.04659,0.92607,0.35000
16.7333,stir_strong,-0.66789,0.11290,0.92908,0.35000
16.7667,stir_strong,-0.53696,0.16290,0.93198,0.35000
16.8000,stir_strong,-0.35912,0.18940,0.93475,0.35000
16.8333,stir_strong,-0.18127,0.18856,0.93742,0.35000
16.8667,stir_strong,-0.05030,0.16051,0.93997,0.35000
16.9000,stir_strong,-0.00053,0.10929,0.94242,0.35000
16.9333,stir_strong,-0.04452,0.04230,0.94477,0.35000
16.9667,stir_strong,-0.16972,-0.03080,0.94702,0.35000
17.0000,stir_strong,-0.34180,-0.09945,0.94919,0.35000
17.0333,stir_strong,-0.51386,-0.15375,0.95126,0.35000
17.0667,stir_strong,-0.63902,-0.18586,0.95325,0.35000
17.1000,stir_strong,-0.68295,-0.19114,0.94143,0.35000
17.1333,stir_strong,-0.63309,-0.16884,0.93645,0.35000
17.1667,stir_strong,-0.50199,-0.12217,0.93904,0.35000
17.2000,stir_strong,-0.32400,-0.05786,0.94153,0.35000
17.2333,stir_strong,-0.14599,0.01479,0.94392,0.35000
17.2667,stir_strong,-0.01487,0.08531,0.94621,0.35000
17.3000,stir_strong,0.03504,0.14352,0.94840,0.35000
17.3333,stir_strong,-0.00881,0.18101,0.94502,0.35000
17.3667,stir_strong,-0.13388,0.19238,0.94726,0.35000
17.4000,stir_strong,-0.30583,0.17598,0.94941,0.35000
17.4333,stir_strong,-0.47777,0.13419,0.95148,0.35000
17.4667,stir_strong,-0.60281,0.07302,0.95346,0.35000
17.5000,stir_strong,-0.64663,0.00132,0.95536,0.35000
17.5333,stir_strong,-0.59666,-0.07057,0.95718,0.35000
17.5667,stir_strong,-0.46547,-0.13228,0.95893,0.35000
17.6000,stir_strong,-0.28737,-0.17490,0.96060,0.35000
17.6333,stir_strong,-0.10928,-0.19227,0.96221,0.35000
17.6667,stir_strong,0.02193,-0.18189,0.96375,0.35000
17.7000,stir_strong,0.07193,-0.14527,0.96236,0.35000
17.7333,stir_strong,0.02815,-0.08767,0.96390,0.35000
17.7667,stir_strong,-0.09685,-0.01742,0.96537,0.35000
17.8000,stir_strong,-0.26873,0.05534,0.96679,0.35000
17.8333,stir_strong,-0.44062,0.12012,0.96814,0.35000
17.8667,stir_strong,-0.56560,0.16756,0.96944,0.35000
17.9000,stir_strong,-0.60937,0.19081,0.96022,0.35000
17.9333,stir_strong,-0.55936,0.18653,0.95176,0.35000
17.9667,stir_strong,-0.42812,0.15533,0.95373,0.35000
18.0000,stir_strong,-0.25000,0.10170,0.95562,0.35000
18.0333,stir_strong,-0.07188,0.03340,0.95743,0.35000
18.0667,stir_strong,0.05936,-0.03972,0.95917,0.35000
18.1000,stir_strong,0.10937,-0.10711,0.96083,0.35000
18.1333,stir_strong,0.06560,-0.15904,0.96243,0.35000
18.1667,stir_strong,-0.05938,-0.18801,0.96396,0.35000
18.2000,stir_strong,-0.23127,-0.18986,0.96544,0.35000
18.2333,stir_strong,-0.40315,-0.16430,0.96685,0.35000
18.2667,stir_strong,-0.52815,-0.11502,0.96820,0.35000
18.3000,stir_strong,-0.57193,-0.04915,0.96950,0.35000
18.3333,stir_strong,-0.52193,0.02382,0.97074,0.35000
18.3667,stir_strong,-0.39072,0.09335,0.97194,0.35000
18.4000,stir_strong,-0.21263,0.14940,0.97308,0.35000
18.4333,stir_strong,-0.03453,0.18390,0.97418,0.35000
18.4667,stir_strong,0.09666,0.19185,0.97523,0.35000
18.5000,stir_strong,0.14663,0.17211,0.96832,0.35000
18.5333,stir_strong,0.10281,0.12754,0.96707,0.35000
18.5667,stir_strong,-0.02223,0.06455,0.96841,0.35000
18.6000,stir_strong,-0.19417,-0.00775,0.96970,0.35000
18.6333,stir_strong,-0.36612,-0.07893,0.97094,0.35000
18.6667,stir_strong,-0.49119,-0.13872,0.97212,0.35000
18.7000,stir_strong,-0.53504,-0.17849,0.96869,0.35000
18.7333,stir_strong,-0.48513,-0.19250,0.96090,0.35000
18.7667,stir_strong,-0.35401,-0.17872,0.96249,0.35000
18.8000,stir_strong,-0.17600,-0.13915,0.96402,0.35000
18.8333,stir_strong,0.00199,-0.07950,0.96549,0.35000
18.8667,stir_strong,0.13309,-0.00837,0.96690,0.35000
18.9000,stir_strong,0.18295,0.06396,0.96825,0.35000
18.9333,stir_strong,0.13902,0.12707,0.96955,0.35000
18.9667,stir_strong,0.01386,0.17183,0.97079,0.35000
19.0000,stir_strong,-0.15820,0.19180,0.97198,0.35000
19.0333,stir_strong,-0.33028,0.18408,0.97313,0.35000
19.0667,stir_strong,-0.45548,0.14980,0.97422,0.35000
19.1000,stir_strong,-0.49947,0.09389,0.97527,0.35000
19.1333,stir_strong,-0.44970,0.02444,0.97628,0.35000
19.1667,stir_strong,-0.31873,-0.04855,0.97725,0.35000
19.2000,stir_strong,-0.14088,-0.11452,0.97818,0.35000
19.2333,stir_strong,0.03696,-0.16397,0.97907,0.35000
19.2667,stir_strong,0.16789,-0.18975,0.97992,0.35000
19.3000,stir_strong,0.21758,-0.18815,0.97037,0.35000
19.3333,stir_strong,0.17348,-0.15939,0.96300,0.35000
19.3667,stir_strong,0.04814,-0.10763,0.96451,0.35000
19.4000,stir_strong,-0.12411,-0.04033,0.96596,0.35000
19.4333,stir_strong,-0.29638,0.03279,0.96735,0.35000
19.4667,stir_strong,-0.42177,0.10117,0.96868,0.35000
19.5000,stir_strong,-0.46597,0.15496,0.96996,0.35000
19.5333,stir_strong,-0.41640,0.18637,0.96630,0.35000
19.5667,stir_strong,-0.28564,0.19089,0.96767,0.35000
19.6000,stir_strong,-0.10800,0.16786,0.96899,0.35000
19.6333,stir_strong,0.06961,0.12060,0.97026,0.35000
19.6667,stir_strong,0.20032,0.05594,0.97147,0.35000
19.7000,stir_strong,0.24978,-0.01680,0.97264,0.35000
19.7333,stir_strong,0.20544,-0.08711,0.97375,0.35000
19.7667,stir_strong,0.07986,-0.14486,0.97482,0.35000
19.8000,stir_strong,-0.09264,-0.18169,0.97585,0.35000
19.8333,stir_strong,-0.26516,-0.19230,0.97684,0.35000
19.8667,stir_strong,-0.39081,-0.17516,0.97778,0.35000
19.9000,stir_strong,-0.43527,-0.13273,0.97550,0.35000
19.9333,stir_strong,-0.38597,-0.07115,0.97650,0.35000
19.9667,stir_strong,-0.25548,0.00070,0.97746,0.35000
20.0000,stir_strong,-0.07813,0.07245,0.97838,0.35000
20.0333,stir_strong,0.09921,0.13374,0.97926,0.35000
20.0667,stir_strong,0.22962,0.17573,0.98011,0.35000
20.1000,stir_strong,0.27879,0.19236,0.97188,0.35000
20.1333,stir_strong,0.23415,0.18123,0.96038,0.35000
20.1667,stir_strong,0.10826,0.14394,0.96200,0.35000
20.2000,stir_strong,-0.06455,0.08587,0.96355,0.35000
20.2333,stir_strong,-0.23738,0.01541,0.96504,0.35000
20.2667,stir_strong,-0.36335,-0.05727,0.96646,0.35000
20.3000,stir_strong,-0.40814,-0.12168,0.96783,0.35000
20.3333,stir_strong,-0.35917,-0.16854,0.96915,0.35000
20.3667,stir_strong,-0.22902,-0.19107,0.97040,0.35000
20.4000,stir_strong,-0.05200,-0.18602,0.97161,0.35000
20.4333,stir_strong,0.12498,-0.15413,0.97277,0.35000
20.4667,stir_strong,0.25505,-0.09999,0.97388,0.35000
20.5000,stir_strong,0.30386,-0.03142,0.97495,0.35000
20.5333,stir_strong,0.25885,0.04169,0.97597,0.35000
20.5667,stir_strong,0.13260,0.10878,0.97695,0.35000
20.6000,stir_strong,-0.04058,0.16016,0.97789,0.35000
20.6333,stir_strong,-0.21379,0.18844,0.97879,0.35000
20.6667,stir_strong,-0.34015,0.18951,0.97966,0.35000
20.7000,stir_strong,-0.38532,0.16324,0.97167,0.35000
20.7333,stir_strong,-0.33674,0.11340,0.97283,0.35000
20.7667,stir_strong,-0.20699,0.04720,0.97393,0.35000
20.8000,stir_strong,-0.03037,-0.02582,0.97500,0.35000
20.8333,stir_strong,0.14620,-0.09510,0.97602,0.35000
20.8667,stir_strong,0.27585,-0.15067,0.97700,0.35000
20.9000,stir_strong,0.32424,-0.18448,0.97327,0.35000
20.9333,stir_strong,0.27881,-0.19167,0.96170,0.35000
20.9667,stir_strong,0.15213,-0.17120,0.96326,0.35000
21.0000,stir_strong,-0.02148,-0.12602,0.96476,0.35000
21.0333,stir_strong,-0.19514,-0.06265,0.96620,0.35000
21.0667,stir_strong,-0.32194,0.00976,0.96758,0.35000
21.1000,stir_strong,-0.36756,0.08077,0.96890,0.35000
21.1333,stir_strong,-0.31944,0.14011,0.97017,0.35000
21.1667,stir_strong,-0.19015,0.17924,0.97139,0.35000
21.2000,stir_strong,-0.01400,0.19249,0.97256,0.35000
21.2333,stir_strong,0.16210,0.17797,0.97368,0.35000
21.2667,stir_strong,0.29127,0.13775,0.97475,0.35000
21.3000,stir_strong,0.33919,0.07766,0.97578,0.35000
21.3333,stir_strong,0.29327,0.00636,0.97677,0.35000
21.3667,stir_strong,0.16610,-0.06586,0.97772,0.35000
21.4000,stir_strong,-0.00802,-0.12858,0.97863,0.35000
21.4333,stir_strong,-0.18217,-0.17273,0.97950,0.35000
21.4667,stir_strong,-0.30948,-0.19196,0.98034,0.35000
21.5000,stir_strong,-0.35562,-0.18348,0.96904,0.35000
21.5333,stir_strong,-0.30801,-0.14852,0.96565,0.35000
21.5667,stir_strong,-0.17924,-0.09213,0.96705,0.35000
21.6000,stir_strong,-0.00362,-0.02244,0.96840,0.35000
21.6333,stir_strong,0.17195,0.05049,0.96969,0.35000
21.6667,stir_strong,0.30058,0.11614,0.97092,0.35000
21.7000,stir_strong,0.34794,0.16502,0.97211,0.35000
21.7333,stir_strong,0.30148,0.19008,0.96476,0.35000
21.7667,stir_strong,0.17375,0.18771,0.96619,0.35000
21.8000,stir_strong,-0.00092,0.15825,0.96757,0.35000
21.8333,stir_strong,-0.17564,0.10595,0.96890,0.35000
21.8667,stir_strong,-0.30352,0.03836,0.97017,0.35000
21.9000,stir_strong,-0.35023,-0.03477,0.97138,0.35000
21.9333,stir_strong,-0.30321,-0.10288,0.97255,0.35000
21.9667,stir_strong,-0.17503,-0.15614,0.97367,0.35000
22.0000,settle,0.00000,0.12401,0.97475,0.35000
22.0333,settle,0.08624,0.14742,0.97578,0.34677
22.0667,settle,0.16552,0.16548,0.97677,0.34358
22.1000,settle,0.23303,0.17770,0.97771,0.34041
22.1333,settle,0.28477,0.18376,0.96970,0.33727
22.1667,settle,0.31781,0.18359,0.95036,0.33417
22.2000,settle,0.33043,0.17730,0.92020,0.33109
22.2333,settle,0.32222,0.16521,0.89159,0.32803
22.2667,settle,0.29408,0.14784,0.87546,0.32501
22.3000,settle,0.24812,0.12586,0.87092,0.32202
22.3333,settle,0.18753,0.10008,0.87568,0.31905
22.3667,settle,0.11637,0.07144,0.88075,0.31611
22.4000,settle,0.03925,0.04094,0.88562,0.31319
22.4333,settle,-0.03889,0.00964,0.89029,0.31031
22.4667,settle,-0.11318,-0.02141,0.89477,0.30745
22.5000,settle,-0.17905,-0.05118,0.89906,0.30461
22.5333,settle,-0.23255,-0.07869,0.89920,0.30181
22.5667,settle,-0.27057,-0.10308,0.89015,0.29902
22.6000,settle,-0.29102,-0.12358,0.87155,0.29627
22.6333,settle,-0.29296,-0.13958,0.84585,0.29354
22.6667,settle,-0.27660,-0.15064,0.82342,0.29083
22.7000,settle,-0.24329,-0.15647,0.81051,0.28815
22.7333,settle,-0.19544,-0.15698,0.80673,0.28550
22.7667,settle,-0.13627,-0.15224,0.81014,0.28287
22.8000,settle,-0.06970,-0.14252,0.81789,0.28026
22.8333,settle,-0.00000,-0.12822,0.82532,0.27768
22.8667,settle,0.06842,-0.10991,0.83245,0.27512
22.9000,settle,0.13132,-0.08827,0.83920,0.27258
22.9333,settle,0.18487,-0.06408,0.84092,0.27007
22.9667,settle,0.22592,-0.03820,0.83631,0.26758
23.0000,settle,0.25214,-0.01152,0.82508,0.26511
23.0333,settle,0.26215,0.01505,0.80879,0.26267
23.0667,settle,0.25564,0.04063,0.79194,0.26025
23.1000,settle,0.23331,0.06439,0.77958,0.25785
23.1333,settle,0.19685,0.08557,0.77358,0.25547
23.1667,settle,0.14878,0.10350,0.77341,0.25312
23.2000,settle,0.09232,0.11766,0.77748,0.25079
23.2333,settle,0.03114,0.12763,0.78370,0.24847
23.2667,settle,-0.03086,0.13316,0.78982,0.24618
23.3000,settle,-0.08979,0.13415,0.79367,0.24392
23.3333,settle,-0.14205,0.13065,0.79334,0.24167
23.3667,settle,-0.18449,0.12286,0.78738,0.23944
23.4000,settle,-0.21466,0.11112,0.77506,0.23723
23.4333,settle,-0.23088,0.09588,0.75706,0.23505
23.4667,settle,-0.23242,0.07773,0.73731,0.23288
23.5000,settle,-0.21944,0.05732,0.72203,0.23073
23.5333,settle,-0.19302,0.03538,0.71359,0.22861
23.5667,settle,-0.15505,0.01265,0.71155,0.22650
23.6000,settle,-0.10811,-0.01008,0.71444,0.22441
23.6333,settle,-0.05529,-0.03205,0.72030,0.22234
23.6667,settle,0.00000,-0.05256,0.72701,0.22030
23.7000,settle,0.05428,-0.07093,0.73242,0.21827
23.7333,settle,0.10418,-0.08661,0.73455,0.21625
23.7667,settle,0.14667,-0.09910,0.73168,0.21426
23.8000,settle,0.17924,-0.10807,0.72250,0.21229
23.8333,settle,0.20003,-0.11326,0.70614,0.21033
23.8667,settle,0.20798,-0.11459,0.68225,0.20839
23.9000,settle,0.20281,-0.11207,0.65792,0.20647
23.9333,settle,0.18510,-0.10586,0.64257,0.20457
23.9667,settle,0.15617,-0.09623,0.63501,0.20268
24.0000,settle,0.11804,-0.08357,0.63369,0.20081
24.0333,settle,0.07324,-0.06836,0.63678,0.19896
24.0667,settle,0.02471,-0.05115,0.64232,0.19713
24.1000,settle,-0.02448,-0.03255,0.64830,0.19531
24.1333,settle,-0.07124,-0.01320,0.65282,0.19351
24.1667,settle,-0.11270,0.00623,0.65420,0.19173
24.2000,settle,-0.14637,0.02510,0.65113,0.18996
24.2333,settle,-0.17030,0.04278,0.64278,0.18821
24.2667,settle,-0.18317,0.05871,0.62908,0.18648
24.3000,settle,-0.18439,0.07240,0.61182,0.18476
24.3333,settle,-0.17410,0.08342,0.59608,0.18305
24.3667,settle,-0.15313,0.09145,0.58550,0.18137
24.4000,settle,-0.12301,0.09629,0.58028,0.17970
24.4333,settle,-0.08577,0.09783,0.57942,0.17804
24.4667,settle,-0.04387,0.09608,0.58144,0.17640
24.5000,settle,-0.00000,0.09115,0.58474,0.17477
24.5333,settle,0.04306,0.08328,0.58767,0.17316
24.5667,settle,0.08265,0.07278,0.58876,0.17157
24.6000,settle,0.11636,0.06004,0.58679,0.16999
24.6333,settle,0.14220,0.04554,0.58099,0.16842
24.6667,settle,0.15870,0.02978,0.57124,0.16687
24.7000,settle,0.16500,0.01332,0.55872,0.16533
24.7333,settle,0.16090,-0.00329,0.54639,0.16380
24.7667,settle,0.14685,-0.01948,0.53721,0.16229
24.8000,settle,0.12390,-0.03472,0.53215,0.16080
24.8333,settle,0.09364,-0.04853,0.53079,0.15932
24.8667,settle,0.05811,-0.06046,0.53208,0.15785
24.9000,settle,0.01960,-0.07016,0.53467,0.15639
24.9333,settle,-0.01942,-0.07734,0.53714,0.15495
24.9667,settle,-0.05652,-0.08181,0.53809,0.15352
25.0000,settle,-0.08941,-0.08347,0.53629,0.15211
25.0333,settle,-0.11612,-0.08232,0.53078,0.15071
25.0667,settle,-0.13511,-0.07845,0.52098,0.14932
25.1000,settle,-0.14532,-0.07203,0.50710,0.14794
25.1333,settle,-0.14629,-0.06332,0.49177,0.14658
25.1667,settle,-0.13812,-0.05267,0.47992,0.14523
25.2000,settle,-0.12149,-0.04045,0.47296,0.14389
25.2333,settle,-0.09759,-0.02711,0.47042,0.14256
25.2667,settle,-0.06805,-0.01311,0.47123,0.14125
25.3000,settle,-0.03480,0.00107,0.47412,0.13995
25.3333,settle,-0.00000,0.01495,0.47771,0.13866
25.3667,settle,0.03416,0.02808,0.48062,0.13738
25.4000,settle,0.06557,0.04004,0.48158,0.13611
25.4333,settle,0.09232,0.05044,0.47949,0.13486
25.4667,settle,0.11282,0.05896,0.47352,0.13362
25.5000,settle,0.12591,0.06537,0.46311,0.13238
25.5333,settle,0.13091,0.06948,0.44817,0.13116
25.5667,settle,0.12765,0.07119,0.43213,0.12996
25.6000,settle,0.11650,0.07050,0.42134,0.12876
25.6333,settle,0.09830,0.06747,0.41544,0.12757
25.6667,settle,0.07429,0.06225,0.41352,0.12640
25.7000,settle,0.04610,0.05505,0.41446,0.12523
25.7333,settle,0.01555,0.04615,0.41703,0.12408
25.7667,settle,-0.01541,0.03587,0.41998,0.12293
25.8000,settle,-0.04484,0.02458,0.42213,0.12180
25.8333,settle,-0.07093,0.01268,0.42246,0.12068
25.8667,settle,-0.09213,0.00057,0.42016,0.11956
25.9000,settle,-0.10719,-0.01133,0.41477,0.11846
25.9333,settle,-0.11529,-0.02263,0.40635,0.11737
25.9667,settle,-0.11606,-0.03297,0.39612,0.11629
26.0000,settle,-0.10958,-0.04203,0.38677,0.11522
26.0333,settle,-0.09638,-0.04952,0.38027,0.11416
26.0667,settle,-0.07742,-0.05521,0.37687,0.11310
26.1000,settle,-0.05399,-0.05897,0.37602,0.11206
26.1333,settle,-0.02761,-0.06068,0.37686,0.11103
26.1667,settle,0.00000,-0.06035,0.37838,0.11000
26.2000,settle,0.02710,-0.05800,0.37959,0.10899
26.2333,settle,0.05202,-0.05377,0.37957,0.10799
26.2667,settle,0.07324,-0.04782,0.37757,0.10699
26.3000,settle,0.08950,-0.04039,0.37311,0.10601
26.3333,settle,0.09989,-0.03174,0.36615,0.10503
26.3667,settle,0.10385,-0.02220,0.35754,0.10406
26.4000,settle,0.10127,-0.01209,0.34933,0.10310
26.4333,settle,0.09243,-0.00176,0.34340,0.10215
26.4667,settle,0.07798,0.00843,0.34021,0.10121
26.5000,settle,0.05894,0.01816,0.33942,0.10028
26.5333,settle,0.03657,0.02711,0.34031,0.09935
26.5667,settle,0.01234,0.03498,0.34202,0.09844
26.6000,settle,-0.01222,0.04155,0.34363,0.09753
26.6333,settle,-0.03557,0.04661,0.34423,0.09663
26.6667,settle,-0.05627,0.05002,0.34303,0.09574
26.7000,settle,-0.07309,0.05170,0.33937,0.09486
26.7333,settle,-0.08504,0.05163,0.33284,0.09398
26.7667,settle,-0.09147,0.04984,0.32334,0.09312
26.8000,settle,-0.09208,0.04641,0.31227,0.09226
26.8333,settle,-0.08693,0.04151,0.30388,0.09141
26.8667,settle,-0.07647,0.03531,0.29892,0.09057
26.9000,settle,-0.06143,0.02804,0.29695,0.08973
26.9333,settle,-0.04283,0.01998,0.29724,0.08890
26.9667,settle,-0.02191,0.01140,0.29895,0.08809
27.0000,settle,-0.00000,0.00259,0.30121,0.08727
27.0333,settle,0.02150,-0.00614,0.30312,0.08647
27.0667,settle,0.04127,-0.01451,0.30389,0.08567
27.1000,settle,0.05811,-0.02224,0.30283,0.08488
27.1333,settle,0.07101,-0.02908,0.29941,0.08410
27.1667,settle,0.07925,-0.03483,0.29334,0.08332
27.2000,settle,0.08239,-0.03931,0.28472,0.08256
27.2333,settle,0.08035,-0.04241,0.27537,0.08180
27.2667,settle,0.07333,-0.04402,0.26854,0.08104
27.3000,settle,0.06187,-0.04415,0.26460,0.08030
27.3333,settle,0.04676,-0.04279,0.26309,0.07956
27.3667,settle,0.02902,-0.04004,0.26334,0.07882
27.4000,settle,0.00979,-0.03600,0.26462,0.07810
27.4333,settle,-0.00970,-0.03084,0.26616,0.07738
27.4667,settle,-0.02822,-0.02474,0.26724,0.07666
27.5000,settle,-0.04465,-0.01793,0.26722,0.07596
27.5333,settle,-0.05799,-0.01064,0.26562,0.07526
27.5667,settle,-0.06747,-0.00314,0.26218,0.07456
27.6000,settle,-0.07257,0.00433,0.25702,0.07388
27.6333,settle,-0.07305,0.01152,0.25094,0.07319
27.6667,settle,-0.06897,0.01820,0.24549,0.07252
27.7000,settle,-0.06067,0.02414,0.24172,0.07185
27.7333,settle,-0.04873,0.02918,0.23978,0.07119
27.7667,settle,-0.03398,0.03314,0.23935,0.07053
27.8000,settle,-0.01738,0.03593,0.23989,0.06988
27.8333,settle,-0.00000,0.03747,0.24078,0.06924
27.8667,settle,0.01706,0.03773,0.24140,0.06860
27.9000,settle,0.03274,0.03673,0.24117,0.06797
27.9333,settle,0.04610,0.03452,0.23961,0.06734
27.9667,settle,0.05633,0.03120,0.23642,0.06672
28.0000,settle,0.06287,0.02691,0.23156,0.06611
28.0333,settle,0.06537,0.02179,0.22559,0.06550
28.0667,settle,0.06374,0.01604,0.22004,0.06489
28.1000,settle,0.05818,0.00986,0.21615,0.06430
28.1333,settle,0.04908,0.00347,0.21414,0.06370
28.1667,settle,0.03710,-0.00292,0.21371,0.06312
28.2000,settle,0.02302,-0.00910,0.21440,0.06253
28.2333,settle,0.00777,-0.01486,0.21563,0.06196
28.2667,settle,-0.00769,-0.02002,0.21681,0.06139
28.3000,settle,-0.02239,-0.02442,0.21735,0.06082
28.3333,settle,-0.03542,-0.02792,0.21674,0.06026
28.3667,settle,-0.04600,-0.03042,0.21455,0.05970
28.4000,settle,-0.05352,-0.03187,0.21049,0.05915
28.4333,settle,-0.05757,-0.03223,0.20438,0.05861
28.4667,settle,-0.05795,-0.03151,0.19654,0.05807
28.5000,settle,-0.05472,-0.02975,0.19078,0.05753
28.5333,settle,-0.04813,-0.02703,0.18736,0.05700
28.5667,settle,-0.03866,-0.02345,0.18590,0.05648
28.6000,settle,-0.02696,-0.01917,0.18595,0.05596
28.6333,settle,-0.01379,-0.01432,0.18695,0.05544
28.6667,settle,0.00000,-0.00908,0.18835,0.05493
28.7000,settle,0.01353,-0.00364,0.18959,0.05442
28.7333,settle,0.02598,0.00183,0.19018,0.05392
28.7667,settle,0.03657,0.00713,0.18967,0.05343
28.8000,settle,0.04469,0.01210,0.18775,0.05293
28.8333,settle,0.04988,0.01657,0.18428,0.05245
28.8667,settle,0.05186,0.02041,0.17941,0.05196
28.9000,settle,0.05057,0.02350,0.17414,0.05148
28.9333,settle,0.04615,0.02575,0.17006,0.05101
28.9667,settle,0.03894,0.02710,0.16761,0.05054
29.0000,settle,0.02943,0.02752,0.16660,0.05007
29.0333,settle,0.01826,0.02701,0.16665,0.04961
29.0667,settle,0.00616,0.02562,0.16730,0.04915
29.1000,settle,-0.00610,0.02339,0.16811,0.04870
29.1333,settle,-0.01776,0.02043,0.16861,0.04825
29.1667,settle,-0.02810,0.01684,0.16843,0.04781
29.2000,settle,-0.03650,0.01275,0.16727,0.04737
29.2333,settle,-0.04246,0.00831,0.16500,0.04693
29.2667,settle,-0.04567,0.00368,0.16171,0.04650
29.3000,settle,-0.04598,-0.00099,0.15798,0.04607
29.3333,settle,-0.04341,-0.00554,0.15473,0.04565
29.3667,settle,-0.03818,-0.00982,0.15255,0.04522
29.4000,settle,-0.03067,-0.01370,0.15150,0.04481
29.4333,settle,-0.02139,-0.01705,0.15136,0.04439
29.4667,settle,-0.01094,-0.01977,0.15179,0.04399
29.5000,settle,-0.00000,-0.02178,0.15241,0.04358
29.5333,settle,0.01074,-0.02302,0.15280,0.04318
29.5667,settle,0.02061,-0.02348,0.15262,0.04278
29.6000,settle,0.02902,-0.02315,0.15154,0.04239
29.6333,settle,0.03546,-0.02205,0.14935,0.04200
29.6667,settle,0.03957,-0.02023,0.14601,0.04161
29.7000,settle,0.04114,-0.01777,0.14184,0.04122
29.7333,settle,0.04012,-0.01477,0.13799,0.04085
29.7667,settle,0.03662,-0.01133,0.13537,0.04047
29.8000,settle,0.03089,-0.00757,0.13403,0.04010
29.8333,settle,0.02335,-0.00363,0.13377,0.03973
29.8667,settle,0.01449,0.00035,0.13426,0.03936
29.9000,settle,0.00489,0.00426,0.13513,0.03900
29.9333,settle,-0.00484,0.00795,0.13598,0.03864
29.9667,settle,-0.01409,0.01131,0.13646,0.03828
30.0000,settle,-0.02229,0.01422,0.13622,0.03793
30.0333,settle,-0.02896,0.01661,0.13499,0.03758
30.0667,settle,-0.03369,0.01841,0.13258,0.03723
30.1000,settle,-0.03624,0.01955,0.12888,0.03689
30.1333,settle,-0.03648,0.02003,0.12395,0.03655
30.1667,settle,-0.03444,0.01982,0.12014,0.03621
30.2000,settle,-0.03029,0.01896,0.11783,0.03588
30.2333,settle,-0.02433,0.01749,0.11678,0.03555
30.2667,settle,-0.01697,0.01545,0.11669,0.03522
30.3000,settle,-0.00868,0.01294,0.11723,0.03490
30.3333,settle,-0.00000,0.01005,0.11805,0.03457
30.3667,settle,0.00852,0.00687,0.11880,0.03426
30.4000,settle,0.01635,0.00352,0.11916,0.03394
30.4333,settle,0.02302,0.00012,0.11888,0.03363
30.4667,settle,0.02813,-0.00323,0.11777,0.03332
30.5000,settle,0.03139,-0.00641,0.11575,0.03301
30.5333,settle,0.03264,-0.00931,0.11296,0.03271
30.5667,settle,0.03183,-0.01185,0.10999,0.03240
30.6000,settle,0.02905,-0.01395,0.10763,0.03211
30.6333,settle,0.02451,-0.01555,0.10618,0.03181
30.6667,settle,0.01853,-0.01660,0.10557,0.03152
30.7000,settle,0.01150,-0.01707,0.10558,0.03123
30.7333,settle,0.00388,-0.01697,0.10593,0.03094
30.7667,settle,-0.00384,-0.01630,0.10635,0.03065
30.8000,settle,-0.01118,-0.01510,0.10656,0.03037
30.8333,settle,-0.01769,-0.01343,0.10633,0.03009
30.8667,settle,-0.02297,-0.01133,0.10547,0.02981
30.9000,settle,-0.02673,-0.00889,0.10390,0.02954
30.9333,settle,-0.02875,-0.00621,0.10172,0.02927
30.9667,settle,-0.02894,-0.00336,0.09932,0.02900
31.0000,settle,-0.02732,-0.00046,0.09730,0.02873
31.0333,settle,-0.02403,0.00241,0.09600,0.02846
31.0667,settle,-0.01931,0.00514,0.09542,0.02820
31.1000,settle,-0.01346,0.00766,0.09542,0.02794
31.1333,settle,-0.00689,0.00987,0.09578,0.02769
31.1667,settle,0.00000,0.01171,0.09623,0.02743
31.2000,settle,0.00676,0.01313,0.09653,0.02718
31.2333,settle,0.01297,0.01408,0.09644,0.02693
31.2667,settle,0.01826,0.01455,0.09576,0.02668
31.3000,settle,0.02232,0.01452,0.09433,0.02643
31.3333,settle,0.02491,0.01401,0.09210,0.02619
31.3667,settle,0.02590,0.01304,0.08918,0.02595
31.4000,settle,0.02525,0.01165,0.08648,0.02571
31.4333,settle,0.02305,0.00991,0.08467,0.02547
31.4667,settle,0.01945,0.00786,0.08375,0.02524
31.5000,settle,0.01470,0.00559,0.08356,0.02500
31.5333,settle,0.00912,0.00317,0.08387,0.02477
31.5667,settle,0.00308,0.00069,0.08444,0.02455
31.6000,settle,-0.00305,-0.00176,0.08504,0.02432
31.6333,settle,-0.00887,-0.00411,0.08541,0.02410
31.6667,settle,-0.01403,-0.00628,0.08535,0.02387
31.7000,settle,-0.01822,-0.00820,0.08469,0.02365
31.7333,settle,-0.02120,-0.00982,0.08331,0.02343
31.7667,settle,-0.02281,-0.01107,0.08116,0.02322
31.8000,settle,-0.02296,-0.01194,0.07838,0.02300
31.8333,settle,-0.02168,-0.01239,0.07602,0.02279
31.8667,settle,-0.01907,-0.01242,0.07451,0.02258
31.9000,settle,-0.01532,-0.01203,0.07378,0.02237
31.9333,settle,-0.01068,-0.01125,0.07365,0.02217
31.9667,settle,-0.00546,-0.01011,0.07391,0.02196
32.0000,settle,-0.00000,-0.00865,0.07435,0.02176
32.0333,settle,0.00536,-0.00693,0.07477,0.02156
32.0667,settle,0.01029,-0.00502,0.07495,0.02136
32.1000,settle,0.01449,-0.00297,0.07475,0.02117
32.1333,settle,0.01771,-0.00085,0.07406,0.02097
32.1667,settle,0.01976,0.00125,0.07284,0.02078
32.2000,settle,0.02055,0.00327,0.07119,0.02059
32.2333,settle,0.02003,0.00514,0.06947,0.02040
32.2667,settle,0.01828,0.00681,0.06812,0.02021
32.3000,settle,0.01543,0.00822,0.06729,0.02002
32.3333,settle,0.01166,0.00934,0.06695,0.01984
32.3667,settle,0.00724,0.01011,0.06697,0.01965
32.4000,settle,0.00244,0.01054,0.06718,0.01947
32.4333,settle,-0.00242,0.01061,0.06741,0.01929
32.4667,settle,-0.00704,0.01032,0.06750,0.01912
32.5000,settle,-0.01113,0.00970,0.06728,0.01894
32.5333,settle,-0.01446,0.00876,0.06665,0.01877
32.5667,settle,-0.01682,0.00755,0.06555,0.01859
32.6000,settle,-0.01809,0.00611,0.06405,0.01842
32.6333,settle,-0.01822,0.00449,0.06243,0.01825
32.6667,settle,-0.01720,0.00275,0.06112,0.01808
32.7000,settle,-0.01513,0.00095,0.06030,0.01792
32.7333,settle,-0.01215,-0.00085,0.05997,0.01775
32.7667,settle,-0.00847,-0.00258,0.06001,0.01759
32.8000,settle,-0.00433,-0.00420,0.06029,0.01743
32.8333,settle,0.00000,-0.00565,0.06062,0.01726
32.8667,settle,0.00425,-0.00688,0.06086,0.01711
32.9000,settle,0.00816,-0.00786,0.06084,0.01695
32.9333,settle,0.01149,-0.00857,0.06044,0.01679
32.9667,settle,0.01405,-0.00897,0.05956,0.01664
33.0000,settle,0.01568,-0.00906,0.05813,0.01648
33.0333,settle,0.01630,-0.00886,0.05616,0.01633
33.0667,settle,0.01589,-0.00836,0.05426,0.01618
33.1000,settle,0.01451,-0.00759,0.05302,0.01603
33.1333,settle,0.01224,-0.00658,0.05237,0.01588
33.1667,settle,0.00925,-0.00537,0.05221,0.01574
33.2000,settle,0.00574,-0.00401,0.05238,0.01559
33.2333,settle,0.00194,-0.00253,0.05274,0.01545
33.2667,settle,-0.00192,-0.00100,0.05313,0.01531
33.3000,settle,-0.00558,0.00053,0.05339,0.01517
33.3333,settle,-0.00883,0.00203,0.05340,0.01503
33.3667,settle,-0.01147,0.00342,0.05305,0.01489
33.4000,settle,-0.01335,0.00468,0.05227,0.01475
33.4333,settle,-0.01436,0.00575,0.05104,0.01461
33.4667,settle,-0.01445,0.00662,0.04949,0.01448
33.5000,settle,-0.01364,0.00725,0.04810,0.01435
33.5333,settle,-0.01200,0.00763,0.04716,0.01421
33.5667,settle,-0.00964,0.00774,0.04669,0.01408
33.6000,settle,-0.00672,0.00759,0.04657,0.01395
33.6333,settle,-0.00344,0.00720,0.04669,0.01382
33.6667,settle,-0.00000,0.00657,0.04693,0.01370
33.7000,settle,0.00337,0.00573,0.04714,0.01357
33.7333,settle,0.00648,0.00472,0.04722,0.01345
33.7667,settle,0.00912,0.00357,0.04705,0.01332
33.8000,settle,0.01114,0.00232,0.04659,0.01320
33.8333,settle,0.01244,0.00102,0.04581,0.01308
33.8667,settle,0.01293,-0.00030,0.04480,0.01296
33.9000,settle,0.01261,-0.00158,0.04378,0.01284
33.9333,settle,0.01151,-0.00278,0.04299,0.01272
33.9667,settle,0.00971,-0.00387,0.04252,0.01260
34.0000,settle,0.00734,-0.00481,0.04235,0.01249
34.0333,settle,0.00455,-0.00557,0.04239,0.01237
34.0667,settle,0.00154,-0.00613,0.04254,0.01226
34.1000,settle,-0.00152,-0.00648,0.04269,0.01214
34.1333,settle,-0.00443,-0.00661,0.04273,0.01203
34.1667,settle,-0.00701,-0.00651,0.04256,0.01192
34.2000,settle,-0.00910,-0.00620,0.04212,0.01181
34.2333,settle,-0.01059,-0.00568,0.04136,0.01170
34.2667,settle,-0.01139,-0.00499,0.04033,0.01159
34.3000,settle,-0.01146,-0.00414,0.03920,0.01149
34.3333,settle,-0.01082,-0.00317,0.03831,0.01138
34.3667,settle,-0.00952,-0.00212,0.03778,0.01128
34.4000,settle,-0.00765,-0.00101,0.03757,0.01117
34.4333,settle,-0.00533,0.00012,0.03761,0.01107
34.4667,settle,-0.00273,0.00121,0.03780,0.01097
34.5000,settle,-0.00000,0.00225,0.03805,0.01087
34.5333,settle,0.00268,0.00319,0.03823,0.01077
34.5667,settle,0.00514,0.00401,0.03826,0.01067
34.6000,settle,0.00724,0.00468,0.03805,0.01057
34.6333,settle,0.00884,0.00518,0.03752,0.01047
34.6667,settle,0.00987,0.00550,0.03665,0.01038
34.7000,settle,0.01026,0.00563,0.03541,0.01028
34.7333,settle,0.01000,0.00557,0.03412,0.01018
34.7667,settle,0.00913,0.00533,0.03329,0.01009
34.8000,settle,0.00770,0.00491,0.03284,0.01000
34.8333,settle,0.00582,0.00434,0.03270,0.00991
34.8667,settle,0.00361,0.00363,0.03279,0.00981
34.9000,settle,0.00122,0.00281,0.03300,0.00972
34.9333,settle,-0.00121,0.00192,0.03323,0.00963
34.9667,settle,-0.00351,0.00098,0.03340,0.00955
35.0000,settle,-0.00556,0.00002,0.03342,0.00946
35.0333,settle,-0.00722,-0.00092,0.03323,0.00937
35.0667,settle,-0.00840,-0.00181,0.03278,0.00928
35.1000,settle,-0.00904,-0.00263,0.03207,0.00920
35.1333,settle,-0.00910,-0.00334,0.03120,0.00911
35.1667,settle,-0.00859,-0.00393,0.03040,0.00903
35.2000,settle,-0.00755,-0.00438,0.02985,0.00895
35.2333,settle,-0.00607,-0.00467,0.02956,0.00886
35.2667,settle,-0.00423,-0.00480,0.02948,0.00878
35.3000,settle,-0.00216,-0.00477,0.02954,0.00870
35.3333,settle,0.00000,-0.00458,0.02967,0.00862
35.3667,settle,0.00212,-0.00424,0.02977,0.00854
35.4000,settle,0.00408,-0.00377,0.02979,0.00846
35.4333,settle,0.00574,-0.00318,0.02965,0.00839
35.4667,settle,0.00701,-0.00249,0.02933,0.00831
35.5000,settle,0.00783,-0.00173,0.02881,0.00823
35.5333,settle,0.00814,-0.00093,0.02816,0.00816
35.5667,settle,0.00794,-0.00012,0.02753,0.00808
35.6000,settle,0.00724,0.00069,0.02706,0.00801
35.6333,settle,0.00611,0.00146,0.02679,0.00793
35.6667,settle,0.00462,0.00216,0.02671,0.00786
35.7000,settle,0.00287,0.00278,0.02676,0.00779
35.7333,settle,0.00097,0.00330,0.02687,0.00771
35.7667,settle,-0.00096,0.00370,0.02698,0.00764
35.8000,settle,-0.00279,0.00396,0.02701,0.00757
35.8333,settle,-0.00441,0.00409,0.02690,0.00750
35.8667,settle,-0.00573,0.00408,0.02661,0.00743
35.9000,settle,-0.00666,0.00394,0.02610,0.00737
35.9333,settle,-0.00717,0.00366,0.02539,0.00730
35.9667,settle,-0.00722,0.00327,0.02459,0.00723
36.0000,settle,-0.00681,0.00278,0.02398,0.00716
36.0333,settle,-0.00599,0.00220,0.02362,0.00710
36.0667,settle,-0.00481,0.00156,0.02347,0.00703
36.1000,settle,-0.00336,0.00088,0.02350,0.00697
36.1333,settle,-0.00172,0.00019,0.02363,0.00690
36.1667,settle,-0.00000,-0.00050,0.02380,0.00684
36.2000,settle,0.00169,-0.00117,0.02394,0.00678
36.2333,settle,0.00323,-0.00178,0.02398,0.00671
36.2667,settle,0.00455,-0.00231,0.02387,0.00665
36.3000,settle,0.00556,-0.00277,0.02358,0.00659
36.3333,settle,0.00621,-0.00312,0.02306,0.00653
36.3667,settle,0.00646,-0.00336,0.02233,0.00647
36.4000,settle,0.00630,-0.00349,0.02155,0.00641
36.4333,settle,0.00575,-0.00349,0.02100,0.00635
36.4667,settle,0.00485,-0.00338,0.02070,0.00629
36.5000,settle,0.00366,-0.00316,0.02059,0.00623
36.5333,settle,0.00227,-0.00284,0.02063,0.00618
36.5667,settle,0.00077,-0.00243,0.02074,0.00612
36.6000,settle,-0.00076,-0.00194,0.02088,0.00606
36.6333,settle,-0.00221,-0.00140,0.02097,0.00601
36.6667,settle,-0.00350,-0.00083,0.02098,0.00595
36.7000,settle,-0.00454,-0.00023,0.02086,0.00590
36.7333,settle,-0.00529,0.00036,0.02059,0.00584
36.7667,settle,-0.00569,0.00093,0.02017,0.00579
36.8000,settle,-0.00573,0.00145,0.01967,0.00574
36.8333,settle,-0.00541,0.00192,0.01922,0.00568
36.8667,settle,-0.00475,0.00232,0.01890,0.00563
36.9000,settle,-0.00382,0.00263,0.01873,0.00558
36.9333,settle,-0.00266,0.00285,0.01869,0.00553
36.9667,settle,-0.00136,0.00297,0.01873,0.00548
37.0000,settle,-0.00000,0.00298,0.01880,0.00543
37.0333,settle,0.00134,0.00290,0.01885,0.00538
37.0667,settle,0.00257,0.00273,0.01884,0.00533
37.1000,settle,0.00361,0.00246,0.01873,0.00528
37.1333,settle,0.00442,0.00212,0.01850,0.00523
37.1667,settle,0.00493,0.00171,0.01815,0.00518
37.2000,settle,0.00512,0.00126,0.01771,0.00513
37.2333,settle,0.00500,0.00077,0.01730,0.00509
37.2667,settle,0.00456,0.00026,0.01700,0.00504
37.3000,settle,0.00385,-0.00024,0.01684,0.00499
37.3333,settle,0.00291,-0.00073,0.01680,0.00495
37.3667,settle,0.00180,-0.00119,0.01685,0.00490
37.4000,settle,0.00061,-0.00159,0.01693,0.00486
37.4333,settle,-0.00060,-0.00194,0.01701,0.00481
37.4667,settle,-0.00175,-0.00222,0.01704,0.00477
37.5000,settle,-0.00278,-0.00241,0.01698,0.00472
37.5333,settle,-0.00361,-0.00252,0.01680,0.00468
37.5667,settle,-0.00419,-0.00255,0.01648,0.00464
37.6000,settle,-0.00451,-0.00249,0.01600,0.00459
37.6333,settle,-0.00454,-0.00235,0.01544,0.00455
37.6667,settle,-0.00429,-0.00213,0.01501,0.00451
37.7000,settle,-0.00377,-0.00185,0.01476,0.00447
37.7333,settle,-0.00303,-0.00151,0.01466,0.00443
37.7667,settle,-0.00211,-0.00112,0.01467,0.00439
37.8000,settle,-0.00108,-0.00071,0.01475,0.00435
37.8333,settle,0.00000,-0.00028,0.01486,0.00431
37.8667,settle,0.00106,0.00016,0.01496,0.00427
37.9000,settle,0.00204,0.00058,0.01500,0.00423
37.9333,settle,0.00287,0.00097,0.01495,0.00419
37.9667,settle,0.00350,0.00132,0.01478,0.00415
38.0000,settle,0.00391,0.00162,0.01449,0.00411
38.0333,settle,0.00406,0.00187,0.01407,0.00407
38.0667,settle,0.00396,0.00204,0.01362,0.00403
38.1000,settle,0.00362,0.00215,0.01329,0.00400
38.1333,settle,0.00305,0.00218,0.01309,0.00396
38.1667,settle,0.00231,0.00214,0.01302,0.00392
38.2000,settle,0.00143,0.00202,0.01302,0.00389
38.2333,settle,0.00048,0.00184,0.01308,0.00385
38.2667,settle,-0.00048,0.00161,0.01316,0.00382
38.3000,settle,-0.00139,0.00132,0.01320,0.00378
38.3333,settle,-0.00220,0.00100,0.01320,0.00375
38.3667,settle,-0.00286,0.00065,0.01312,0.00371
38.4000,settle,-0.00333,0.00028,0.01295,0.00368
38.4333,settle,-0.00358,-0.00009,0.01269,0.00364
38.4667,settle,-0.00360,-0.00045,0.01239,0.00361
38.5000,settle,-0.00340,-0.00079,0.01213,0.00358
38.5333,settle,-0.00299,-0.00109,0.01195,0.00354
38.5667,settle,-0.00240,-0.00136,0.01185,0.00351
38.6000,settle,-0.00168,-0.00157,0.01184,0.00348
38.6333,settle,-0.00086,-0.00173,0.01186,0.00345
38.6667,settle,-0.00000,-0.00182,0.01191,0.00342
38.7000,settle,0.00084,-0.00186,0.01194,0.00338
38.7333,settle,0.00162,-0.00183,0.01192,0.00335
38.7667,settle,0.00227,-0.00174,0.01184,0.00332
38.8000,settle,0.00278,-0.00160,0.01168,0.00329
38.8333,settle,0.00310,-0.00140,0.01144,0.00326
38.8667,settle,0.00322,-0.00116,0.01113,0.00323
38.9000,settle,0.00314,-0.00089,0.01085,0.00320
38.9333,settle,0.00287,-0.00059,0.01066,0.00317
38.9667,settle,0.00242,-0.00028,0.01056,0.00314
39.0000,settle,0.00183,0.00004,0.01054,0.00311
39.0333,settle,0.00114,0.00035,0.01057,0.00308
39.0667,settle,0.00038,0.00064,0.01063,0.00306
39.1000,settle,-0.00038,0.00090,0.01070,0.00303
39.1333,settle,-0.00110,0.00113,0.01072,0.00300
39.1667,settle,-0.00175,0.00132,0.01070,0.00297
39.2000,settle,-0.00227,0.00146,0.01059,0.00295
39.2333,settle,-0.00264,0.00155,0.01039,0.00292
39.2667,settle,-0.00284,0.00158,0.01009,0.00289
39.3000,settle,-0.00286,0.00157,0.00970,0.00286
39.3333,settle,-0.00270,0.00150,0.00941,0.00284
39.3667,settle,-0.00237,0.00138,0.00923,0.00281
39.4000,settle,-0.00191,0.00122,0.00916,0.00279
39.4333,settle,-0.00133,0.00102,0.00916,0.00276
39.4667,settle,-0.00068,0.00079,0.00921,0.00273
39.5000,settle,0.00000,0.00054,0.00928,0.00271
39.5333,settle,0.00067,0.00027,0.00934,0.00268
39.5667,settle,0.00128,0.00000,0.00937,0.00266
39.6000,settle,0.00180,-0.00026,0.00934,0.00264
39.6333,settle,0.00220,-0.00051,0.00925,0.00261
39.6667,settle,0.00246,-0.00074,0.00908,0.00259
39.7000,settle,0.00256,-0.00094,0.00885,0.00256
39.7333,settle,0.00249,-0.00111,0.00860,0.00254
39.7667,settle,0.00228,-0.00123,0.00840,0.00252
39.8000,settle,0.00192,-0.00131,0.00828,0.00249
39.8333,settle,0.00145,-0.00135,0.00823,0.00247
39.8667,settle,0.00090,-0.00134,0.00823,0.00245
39.9000,settle,0.00030,-0.00129,0.00826,0.00242
39.9333,settle,-0.00030,-0.00119,0.00830,0.00240
39.9667,settle,-0.00088,-0.00106,0.00832,0.00238
